112,22,120,6,12,0.58,79
162,31,92,14,33,0.95,58
186,50,126,19,44,1.3,53
286,38,135,11,28,0.76,69
285,37,187,11,22,0.62,68
192,39,143,11,24,0.66,74
90,42,131,11,22,0.78,79
113,55,177,10,23,0.73,92
106,42,161,9,18,0.65,108
97,47,144,11,27,0.71,110
112,79,159,13,26,0.83,112
162,122,176,9,29,1.08,60
186,140,186,7,31,1.26,26
286,148,350,7,31,1.39,45
285,90,406,16,39,1.18,53
192,90,286,12,37,1.34,39
54,25,59,7,17,0.67,54
59,36,67,8,24,0.66,47
75,54,83,7,22,0.8,43
88,65,87,8,23,0.73,45
127,96,127,9,30,0.95,31
129,98,128,11,24,0.96,59
92,65,94,15,20,0.8,74
66,45,74,8,19,0.64,48
54,37,52,5,19,0.95,35
66,36,78,8,20,0.85,46
71,18,92,7,13,0.41,71
70,28,91,10,17,0.47,81
87,62,118,10,18,0.77,92
130,98,147,7,24,1.09,58
85,63,89,6,20,0.82,61
44,25,45,9,12,0.61,69
58,40,64,10,16,0.91,72
71,51,79,10,17,1.01,80
83,60,92,10,18,1.03,80
47,27,48,8,15,0.68,76
55,37,58,8,20,0.78,72
59,41,65,8,24,0.76,69
71,52,76,10,28,1,53
92,68,93,9,36,1.18,54
110,83,109,12,41,1.3,60
103,77,103,8,27,1.02,65
80,59,80,6,27,0.88,59
143,108,144,6,32,1.11,36
107,80,116,4,29,1.02,24
75,54,79,5,22,0.83,45
77,57,83,8,21,0.93,53
79,57,81,7,20,0.85,64
126,95,119,6,34,1.23,33
119,90,111,6,26,1.07,46
73,48,76,9,26,1,57
41,19,41,8,23,0.74,64
58,32,68,13,29,0.86,53
69,44,81,11,30,0.84,60
118,89,130,11,42,1.05,62
94,70,103,10,41,1,66
68,30,84,9,25,0.73,72
77,42,104,12,34,0.91,68
76,38,102,10,26,0.84,73
85,61,106,21,50,1.27,29
87,63,111,15,48,1.15,30
141,106,163,20,58,1.45,28
132,100,159,25,65,1.94,8
151,115,137,8,48,1.65,5
165,124,150,6,44,1.49,5
107,80,102,10,37,1.08,15
122,92,124,13,47,1.61,8
167,127,164,10,49,1.71,17
221,172,221,6,43,1.65,16
242,192,233,7,54,1.7,13
214,165,213,9,41,1.6,27
169,130,178,13,42,1.54,29
135,102,147,23,48,1.28,23
132,100,146,18,46,1.52,31
135,102,147,14,44,1.25,27
128,97,143,16,44,1.38,27
187,145,198,14,50,1.65,33
232,182,239,17,46,1.7,39
126,95,132,8,34,1.09,23
96,71,96,9,32,1.14,21
161,122,139,9,34,1.37,20
197,149,162,11,38,1.79,19
150,114,124,6,26,1.43,38
196,149,178,9,33,1.95,26
223,174,205,5,27,2.08,38
188,146,176,7,29,1.87,31
132,100,117,5,23,1.2,39
167,127,139,4,24,1.58,39
136,103,118,6,22,1.55,52
65,32,75,4,11,0.65,73
54,24,61,11,37,0.78,27
53,18,57,11,23,0.65,53
58,24,67,12,32,0.77,48
67,41,85,16,48,0.97,23
89,65,115,20,59,1.25,26
76,50,96,20,47,1.03,36
54,32,64,10,31,0.63,32
84,60,104,13,48,0.81,17
152,116,172,12,55,1.23,23
213,167,224,13,57,1.63,22
154,116,137,7,43,1.45,16
86,61,88,8,31,0.89,30
85,61,100,10,42,0.88,21
104,78,121,11,49,1.15,27
87,63,106,16,53,1.29,28
63,34,75,12,33,0.9,44
56,19,63,8,22,0.52,49
59,28,67,13,32,0.95,39
68,31,85,15,34,0.89,47
59,32,68,14,34,0.86,50
68,39,85,17,43,1.01,41
113,84,143,16,55,1.28,22
155,117,173,8,47,1.34,10
69,47,70,5,19,0.78,28
42,23,43,7,16,0.45,43
66,45,78,9,35,0.85,24
59,32,68,12,37,1.11,22
66,41,82,13,35,1.06,30
57,32,65,10,25,0.75,52
53,26,58,11,27,0.74,52
82,57,104,23,56,1.33,11
154,117,183,10,39,0.99,51
139,104,156,10,38,0.95,52
86,63,105,11,43,1.02,41
98,70,121,14,42,0.93,55
147,111,173,14,34,0.9,64
163,120,177,11,31,1.25,41
42,19,44,4,9,0.39,52
39,15,39,5,13,0.37,61
34,12,34,7,16,0.35,62
46,14,48,8,20,0.34,59
50,19,54,12,25,0.5,51
61,26,74,11,25,0.57,52
71,35,93,12,31,0.79,55
69,35,87,13,41,0.84,42
95,66,123,17,44,1,51
159,120,186,19,61,1.26,35
148,112,170,16,60,1.2,51
92,67,113,13,49,0.88,54
131,98,151,12,39,1,48
178,135,184,7,44,1.47,10
88,41,101,4,21,0.67,45
57,13,67,5,18,0.48,45
56,24,62,11,31,0.87,40
78,38,106,11,33,0.8,50
84,49,119,14,42,1.06,44
104,75,139,17,50,1.18,37
150,113,177,18,47,1.09,53
110,82,135,11,34,0.82,69
88,55,104,9,28,0.78,43
55,12,67,5,15,0.35,54
87,60,114,11,22,1.21,112
93,64,116,8,20,1.19,126
66,38,83,8,19,0.86,83
43,19,44,7,13,0.78,54
27,14,27,6,15,0.65,40
19,12,18,3,15,0.66,35
40,26,41,4,19,0.78,25
56,39,56,6,29,0.84,22
77,56,84,7,26,1.06,30
66,37,78,6,27,0.8,24
48,21,50,8,28,0.6,26
46,24,48,8,27,0.65,51
64,37,78,11,37,0.8,75
89,65,103,9,40,1.13,54
76,48,80,8,34,0.93,22
45,19,49,6,22,0.45,42
52,26,59,8,31,0.4,40
71,44,92,11,40,0.73,35
83,59,110,11,38,0.84,26
61,42,66,8,34,0.82,24
79,57,92,14,38,0.96,46
89,63,102,12,37,0.87,45
87,63,108,13,41,0.69,66
101,75,117,9,42,0.75,77
98,72,120,10,42,0.89,63
99,74,129,14,52,1.13,35
92,64,112,11,45,0.98,37
72,45,93,11,48,0.72,45
89,65,123,11,50,0.8,46
83,57,108,9,46,0.87,44
117,84,152,14,48,0.99,42
26,13,20,3,11,0.63,80
52,26,46,5,15,0.95,97
49,29,53,6,14,0.83,89
31,8,14,3,6,0.51,98
37,20,37,8,12,0.7,75
47,30,47,4,13,1,59
50,27,50,6,16,0.83,84
49,22,46,7,21,0.67,90
59,21,55,8,26,0.69,93
77,31,74,9,25,1.01,127
77,40,84,7,20,0.94,138
74,29,72,8,18,0.66,135
69,33,72,7,14,0.67,136
86,57,99,5,16,0.95,131
63,36,72,7,17,0.68,119
59,31,67,9,24,0.78,93
53,37,51,4,17,0.92,54
34,19,26,3,12,0.78,66
21,9,11,2,14,0.64,58
35,15,30,8,16,0.7,76
42,17,40,11,16,0.67,93
64,31,72,15,30,0.97,94
48,25,51,7,20,0.84,92
50,34,49,5,16,1.08,57
24,9,12,3,9,0.66,75
24,12,23,5,18,0.88,37
50,31,50,6,24,1.05,28
36,24,33,5,20,0.99,44
43,20,41,8,23,0.93,66
50,24,50,9,26,0.81,82
55,23,50,4,8,0.69,141
45,12,33,6,8,0.49,126
54,14,43,7,10,0.59,125
64,27,52,5,8,0.7,145
43,25,43,5,12,0.88,94
66,30,58,7,17,0.77,106
53,30,54,4,9,0.57,118
49,22,46,4,10,0.53,109
55,29,59,4,17,0.66,92
54,27,53,5,17,0.63,103
62,32,64,4,10,0.75,120
60,41,67,4,11,1.1,113
59,42,60,3,13,1,88
64,41,65,3,13,0.84,115
66,42,69,5,11,0.73,124
52,23,47,4,10,0.61,126
51,26,50,5,11,0.62,109
66,46,79,4,11,0.73,126
64,42,73,4,13,0.7,116
43,18,33,5,10,0.86,112
44,21,38,4,11,0.58,126
41,20,38,3,7,0.51,88
34,16,27,3,7,0.49,89
53,22,59,9,16,0.7,83
54,20,60,12,26,0.64,59
51,21,54,12,30,0.82,48
43,15,37,8,18,0.53,83
41,22,42,3,13,0.45,65
26,8,14,3,8,0.56,80
30,17,26,3,11,0.91,57
22,12,18,3,12,0.9,60
41,16,37,4,9,0.45,112
45,20,43,4,15,0.62,103
50,25,41,3,11,0.66,110
63,22,46,5,13,0.61,136
44,14,33,4,12,0.41,111
42,13,33,4,12,0.49,100
49,18,45,4,14,0.54,102
63,15,35,7,11,0.52,151
56,15,34,7,14,0.57,140
64,25,58,4,14,0.54,121
32,16,31,3,12,0.4,40
31,12,23,4,11,0.55,79
62,17,41,6,15,0.67,122
49,24,50,3,10,0.55,103
37,13,29,3,10,0.53,102
40,20,36,3,9,0.7,107
41,25,41,4,10,0.62,81
25,11,19,2,5,0.42,71
26,14,22,1,4,0.48,75
28,13,18,1,3,0.47,88
21,6,8,2,5,0.49,66
19,9,13,1,4,0.43,58
30,16,26,2,5,0.6,60
35,17,33,2,6,0.42,73
41,16,37,2,9,0.33,83
48,22,46,3,9,0.38,118
46,20,43,2,8,0.39,104
30,12,28,3,7,0.48,64
37,14,34,5,11,0.56,72
51,19,45,5,10,0.67,114
80,33,71,5,13,0.81,153
81,45,91,12,17,1.21,142
87,42,97,10,17,0.82,154
60,20,71,11,21,0.54,84
54,14,58,11,24,0.53,92
87,24,93,17,27,0.6,143
92,23,81,12,16,0.5,194
101,38,136,15,22,0.81,170
78,33,87,11,17,0.92,138
85,48,112,12,18,1.13,161
91,57,96,8,15,1.15,154
101,52,99,8,15,0.95,167
77,34,83,7,15,0.59,158
46,24,46,5,15,0.58,64
49,33,49,4,13,0.68,50
49,26,45,5,10,0.78,101
55,30,59,6,13,0.65,96
34,16,34,7,20,0.67,49
42,16,36,8,19,0.53,94
74,23,53,11,26,0.6,131
64,23,61,13,27,0.58,122
85,28,76,14,30,0.64,153
80,21,52,10,16,0.49,171
78,27,64,10,18,0.55,172
81,26,68,12,18,0.6,158
70,29,67,9,18,0.63,148
72,30,59,9,17,0.57,129
50,24,43,6,13,0.53,111
75,26,50,6,12,0.56,153
52,15,27,4,8,0.48,149
60,21,45,5,14,0.5,141
65,26,81,9,17,0.54,101
57,22,64,10,12,0.47,90
57,30,65,7,22,0.51,80
93,39,135,11,22,0.55,73
64,24,78,12,24,0.48,83
117,44,169,12,20,0.55,90
210,72,328,7,10,0.34,91
126,56,201,14,27,0.6,91
106,48,161,19,20,0.93,138
96,44,143,18,19,0.95,132
66,32,78,15,21,0.76,109
81,54,104,12,23,0.73,113
76,53,98,7,15,0.68,93
63,43,70,5,15,0.74,71
65,44,67,4,14,0.8,65
25,13,24,3,12,0.6,55
50,25,51,7,21,0.72,70
68,34,74,12,30,0.84,101
80,52,109,15,26,0.88,106
76,43,94,9,21,0.72,102
73,39,83,9,19,0.77,126
72,40,86,9,20,0.7,114
64,22,78,8,14,0.48,94
80,29,109,11,25,0.61,85
89,30,128,13,24,0.56,90
72,25,93,12,19,0.6,93
76,28,102,15,23,0.64,98
108,41,166,11,17,0.43,107
92,34,121,18,26,0.69,125
87,28,105,15,18,0.65,148
86,30,89,14,18,0.72,155
90,42,131,8,39,0.58,46
75,53,91,4,29,0.78,45
78,57,79,4,27,0.9,40
53,32,58,4,20,0.53,61
62,33,74,8,31,0.51,69
72,47,94,10,31,0.7,82
109,82,139,12,32,1.05,95
108,81,133,9,29,0.77,118
97,69,119,9,29,0.66,104
65,38,81,9,25,0.56,104
73,42,96,10,33,0.64,64
91,66,128,10,30,0.8,89
70,37,88,6,18,0.55,77
58,28,67,10,21,0.54,75
146,61,218,9,24,0.61,77
353,103,459,6,15,0.4,79
86,31,123,10,21,0.49,69
80,29,109,11,23,0.56,79
69,28,89,9,23,0.54,89
52,26,55,5,15,0.58,93
50,32,53,4,13,0.65,94
81,59,90,5,20,0.98,82
99,74,115,6,21,0.85,75
55,29,61,4,12,0.62,92
58,38,65,7,18,0.7,79
57,38,65,5,20,0.58,67
82,33,114,7,18,0.63,82
75,25,99,7,17,0.43,83
96,35,142,12,24,0.52,72
101,31,153,8,14,0.45,91
54,38,46,3,19,1.15,33
85,62,100,5,27,1.09,40
80,57,103,7,29,0.9,60
79,55,106,9,30,0.82,66
123,93,156,10,33,0.98,53
64,43,72,3,18,0.67,44
73,50,89,7,28,0.68,37
121,92,150,9,37,0.81,43
111,83,128,8,35,0.81,53
68,49,80,4,29,0.65,51
88,65,96,4,30,0.78,50
102,76,110,3,27,0.69,47
98,73,108,5,26,0.6,54
103,77,121,7,30,0.68,40
139,101,160,6,30,1.1,45
388,98,807,7,19,0.32,51
208,54,325,11,30,0.52,51
108,51,150,6,26,0.81,54
114,85,147,6,29,1.09,39
147,71,213,6,33,1.07,28
85,22,121,5,13,0.39,69
62,18,73,7,23,0.52,63
83,38,116,11,42,0.79,57
109,57,167,16,45,1.03,49
111,67,172,13,30,0.83,84
88,57,115,11,41,0.86,55
127,96,136,4,32,1.2,41
258,122,504,9,34,1.06,52
398,130,733,8,19,0.71,65
213,63,333,11,32,0.73,63
121,46,191,11,30,0.66,68
91,41,133,12,26,0.58,59
99,53,147,14,34,0.74,40
102,65,153,17,41,1.1,44
109,81,157,19,45,1.22,55
91,58,120,17,32,0.94,64
75,42,101,18,33,0.83,60
103,44,142,15,23,0.76,59
72,49,92,12,22,0.79,61
96,71,118,12,29,1.05,68
145,110,165,15,32,1.41,85
126,95,138,12,21,1.05,93
143,108,146,14,19,1.18,76
157,119,149,9,16,1.07,52
131,99,124,6,14,1.48,55
125,96,128,6,15,1.17,45
65,41,76,11,13,0.86,67
64,36,79,12,14,0.65,66
86,62,113,14,29,1.06,62
75,47,92,14,30,1,64
70,32,89,14,24,0.79,65
71,36,92,17,30,0.85,61
102,49,154,16,23,0.78,66
69,37,87,11,21,0.57,60
72,48,88,9,29,0.92,30
102,76,96,7,39,1.63,14
142,108,146,11,34,1.53,50
148,111,156,10,27,1.01,69
84,62,78,3,20,0.92,36
54,28,60,10,28,0.7,41
93,65,121,31,61,1.7,20
164,124,197,28,82,1.91,10
194,147,231,23,74,2.31,11
138,103,166,18,56,1.71,16
90,42,119,10,28,0.7,44
56,18,67,7,17,0.4,49
44,15,44,7,16,0.4,58
49,23,51,15,25,0.6,49
54,30,60,20,31,0.77,43
111,29,173,6,16,0.4,54
160,56,262,14,48,1.05,29
359,99,472,16,43,0.98,34
323,114,439,27,61,1.62,26
183,107,307,29,68,1.84,13
152,76,254,14,41,1.1,29
61,20,72,9,18,0.55,56
74,34,97,18,40,0.95,38
107,71,161,18,41,1.11,34
133,100,169,16,52,1.34,23
208,161,249,20,64,1.64,23
273,223,324,25,76,2.85,18
245,195,278,22,63,2.25,49
249,199,284,18,51,1.87,41
151,115,150,9,32,1.3,51
153,115,168,12,40,1.39,46
128,96,164,15,45,1.15,56
137,32,202,4,13,0.24,67
81,35,115,13,35,0.7,36
72,40,95,13,32,0.8,52
75,46,99,19,42,0.93,41
199,154,204,7,51,1.36,9
157,119,147,4,30,1.13,22
167,126,168,6,37,1.27,13
115,86,127,13,40,1.22,14
100,75,111,9,41,1.23,23
146,110,161,10,48,1.24,11
168,129,188,12,50,1.4,10
81,59,99,10,42,0.79,20
121,91,144,12,48,1.2,11
100,74,107,14,37,1.13,36
140,106,155,14,51,1.87,10
81,60,96,18,51,1.14,20
76,41,103,8,19,0.56,42
52,26,58,7,25,0.48,30
78,54,100,13,46,1.11,12
99,73,126,21,53,1.38,14
142,107,173,21,63,1.94,10
124,92,146,18,57,1.77,17
81,57,102,14,50,1,19
77,55,95,22,44,1.13,35
80,57,96,20,50,1.25,29
83,60,95,20,49,1.08,39
85,55,106,17,40,0.85,43
81,49,102,19,34,0.68,50
60,39,71,18,38,0.91,35
96,71,122,22,65,1.68,15
195,149,225,22,78,1.97,26
270,220,314,20,82,2.5,17
129,86,152,6,29,1.05,30
49,13,50,7,14,0.43,55
42,15,42,11,21,0.48,42
65,23,82,12,27,0.5,52
56,25,66,15,32,0.68,46
66,31,81,12,43,0.66,31
79,48,108,18,52,0.83,34
106,73,157,19,74,1.21,18
83,50,107,14,42,1.05,47
65,26,80,11,36,0.72,52
67,27,86,9,33,0.68,40
81,42,113,14,49,1.08,33
113,81,174,20,50,1.18,66
100,72,146,13,38,0.89,78
130,96,177,14,56,0.98,64
146,109,184,18,49,1.32,63
140,106,176,16,48,0.96,71
96,72,117,10,27,0.54,80
163,123,189,9,35,0.88,64
107,79,104,4,34,1.27,37
37,25,30,3,24,0.93,27
36,21,38,3,24,0.42,50
55,37,58,5,30,0.52,28
73,53,66,2,27,0.66,31
72,52,65,3,29,0.84,13
71,51,68,3,31,0.65,11
67,48,66,2,31,0.79,12
87,65,92,6,36,1.08,9
157,119,174,9,52,1.88,7
141,107,163,12,54,1.65,10
113,85,124,10,42,0.73,20
140,105,165,10,50,1.02,13
200,154,218,8,50,1.1,15
94,68,122,14,32,0.96,77
63,36,74,8,32,0.88,30
46,27,47,5,29,0.73,30
56,28,64,8,34,0.7,24
55,26,66,12,45,0.76,17
70,45,87,17,52,1.05,7
55,29,66,9,37,0.76,46
76,49,95,16,44,0.93,69
97,71,133,11,55,1.08,54
127,96,152,17,70,1.48,8
155,118,180,20,63,1.58,7
93,58,108,14,52,1.29,19
81,58,81,6,45,1.32,6
57,41,48,4,22,0.87,54
74,54,71,4,36,0.93,14
94,69,103,7,42,1.05,30
107,79,118,7,47,1.1,38
72,50,92,10,57,1.08,30
90,65,115,12,56,1.11,47
110,82,139,10,54,1.04,51
99,49,144,8,34,0.71,55
135,58,219,13,46,0.78,47
99,41,147,11,44,0.69,44
93,47,137,12,51,0.77,46
109,70,168,14,53,0.88,62
135,101,209,14,64,1.37,68
118,85,163,14,54,1.25,46
98,73,122,13,49,1.29,11
113,85,146,19,45,1.39,37
124,94,159,21,49,1.39,49
118,82,131,7,29,1.01,62
54,25,56,8,25,0.85,86
45,16,37,13,17,0.68,117
49,22,49,10,22,0.8,96
66,27,57,17,40,0.85,101
59,23,59,19,44,0.7,90
70,32,71,17,43,0.71,97
75,32,69,13,35,0.81,129
69,30,67,17,30,0.91,111
72,35,72,11,24,0.93,140
63,41,71,9,25,0.95,101
51,22,54,13,25,0.74,83
58,28,65,13,28,0.74,85
64,39,77,11,24,0.87,104
73,42,85,8,30,0.89,105
67,40,79,10,28,0.86,93
48,18,50,13,34,0.77,70
56,23,62,13,36,0.73,80
57,26,63,13,44,0.83,71
67,30,71,11,44,0.81,86
62,31,72,13,34,0.79,97
53,31,57,8,26,0.86,89
66,38,81,7,34,0.88,64
87,59,117,11,37,1.03,80
99,73,127,10,28,1.08,95
99,71,123,14,25,1.4,103
101,75,115,10,26,1.28,116
79,58,83,8,24,1,94
69,43,84,12,35,0.72,65
71,42,88,11,39,0.84,52
64,45,73,14,26,0.98,50
60,38,67,4,21,0.65,78
41,20,36,2,15,0.49,67
46,22,44,3,20,0.62,79
33,16,31,2,16,0.52,52
23,12,21,2,13,0.68,55
32,19,30,2,17,1.09,50
21,11,20,4,19,1.25,39
41,23,40,6,19,1.04,70
60,27,48,8,22,0.96,96
82,56,85,5,18,0.94,129
60,36,70,3,15,0.68,88
47,29,47,3,13,0.55,91
34,15,30,4,17,0.5,58
51,27,49,5,25,0.8,84
36,16,35,3,13,0.76,71
46,26,49,4,15,1.04,70
68,46,75,5,17,1.12,72
32,10,26,2,14,0.4,68
36,21,36,3,18,0.71,53
32,19,31,3,16,0.76,57
44,22,44,5,16,0.58,70
50,27,53,5,19,0.65,90
64,43,74,7,22,1.1,69
48,26,54,5,22,0.86,57
58,27,58,7,28,0.98,81
72,30,65,11,34,0.96,105
72,35,67,10,22,0.86,132
89,46,94,9,22,0.94,142
78,33,72,9,19,0.82,137
75,37,72,6,29,0.81,117
56,31,62,5,23,0.81,71
75,45,65,4,18,0.71,128
69,48,76,8,23,0.81,107
82,58,80,7,19,0.95,107
65,46,59,5,14,0.71,120
55,30,40,4,16,0.65,120
84,33,71,10,21,0.88,156
80,38,69,7,15,0.92,175
70,35,65,5,15,0.84,154
67,39,58,3,14,0.76,134
73,53,84,3,14,0.69,119
88,64,97,2,18,0.9,91
38,22,34,2,13,0.61,97
49,28,49,4,16,0.63,104
60,39,70,4,26,0.79,77
55,30,51,5,21,0.69,90
59,31,60,4,23,0.61,102
53,33,56,3,21,0.58,90
60,37,68,5,22,0.74,95
69,49,78,4,25,1.01,86
63,33,62,6,26,0.72,93
65,44,75,3,16,0.79,102
40,23,40,2,12,0.64,81
68,38,68,5,17,0.98,115
78,49,80,5,22,0.87,120
63,35,70,5,23,0.76,93
43,25,44,2,16,0.65,89
50,28,51,3,14,0.57,79
62,27,60,5,19,0.66,104
61,29,62,5,17,0.65,107
51,23,45,4,11,0.51,100
44,23,41,4,12,0.55,91
82,40,97,12,20,0.59,156
84,27,119,11,28,0.4,85
89,27,118,15,37,0.5,105
94,33,109,17,42,0.61,127
117,40,176,21,26,0.86,173
102,40,126,17,22,0.77,176
78,23,80,11,22,0.39,138
83,32,92,15,19,0.45,151
69,44,80,4,25,0.76,47
85,49,78,6,28,0.73,114
66,42,73,6,26,0.66,101
61,43,59,4,12,0.74,107
80,57,91,8,27,0.99,105
74,33,75,9,26,0.8,112
67,32,79,11,40,0.84,89
51,34,45,3,13,0.7,127
35,22,26,3,11,0.67,96
60,42,54,5,14,0.82,111
67,41,62,5,15,0.77,119
71,44,74,7,23,0.8,113
61,33,57,7,22,0.58,114
81,57,95,7,30,0.74,82
101,75,98,5,27,0.88,83
105,70,109,6,27,0.96,125
64,22,46,5,12,0.66,151
69,42,87,8,27,1.04,113
77,40,84,9,31,1.18,111
56,34,58,3,22,0.59,99
73,42,73,5,19,0.6,126
75,54,74,3,17,1,114
86,41,96,24,49,0.81,113
100,60,116,24,36,0.87,155
98,47,113,17,44,0.84,151
83,48,111,7,17,0.7,77
65,43,72,9,27,0.72,72
68,48,82,14,22,0.51,98
59,41,63,9,17,0.51,70
43,30,33,5,16,0.85,56
62,44,63,5,24,0.63,39
57,28,65,8,23,0.4,79
56,18,65,8,23,0.32,85
67,23,86,12,24,0.31,98
76,33,102,11,38,0.5,98
51,23,52,11,21,0.33,117
103,56,122,15,35,0.64,141
60,25,71,9,25,0.42,108
112,49,156,12,24,0.64,127
69,25,88,12,20,0.36,86
61,19,60,16,25,0.48,113
75,25,74,12,28,0.48,137
84,33,87,14,36,0.53,132
83,33,92,14,38,0.97,120
85,37,113,19,38,0.98,131
70,34,90,17,39,0.92,92
64,19,57,11,30,0.31,100
75,33,74,14,20,0.6,129
55,21,60,10,25,0.41,112
71,23,70,12,40,0.43,112
66,23,79,9,34,0.36,104
65,26,70,10,15,0.4,121
65,36,78,10,23,0.57,120
77,55,86,8,27,0.69,43
96,72,99,6,35,0.79,26
90,65,102,10,40,0.83,46
102,63,149,19,46,0.82,60
105,56,158,15,43,0.55,74
93,63,135,13,36,0.55,102
90,62,124,16,46,0.66,84
119,86,169,17,38,0.97,70
83,56,107,15,30,0.84,56
46,32,44,7,19,0.67,53
61,43,65,9,33,0.88,50
61,33,70,17,33,0.64,73
63,33,77,17,40,0.7,74
78,44,105,25,47,0.77,72
74,41,97,22,43,0.73,81
87,28,125,15,27,0.68,80
85,30,119,12,22,0.57,90
64,39,77,12,24,0.74,118
60,38,63,9,30,0.81,89
70,33,90,15,38,0.7,66
71,32,92,19,37,0.74,66
76,36,101,17,27,0.62,69
73,38,96,18,28,0.7,83
70,32,91,17,37,0.7,70
86,28,122,15,33,0.49,79
87,41,122,20,30,0.6,92
61,34,73,10,22,0.48,117
76,40,93,14,45,0.6,100
84,39,99,17,40,0.7,118
89,45,108,23,51,0.85,119
101,75,105,7,29,1.19,32
80,58,90,12,32,0.77,53
70,47,82,11,30,0.7,43
58,32,67,11,24,0.5,54
70,46,80,13,29,0.57,71
119,89,134,13,44,0.75,65
133,100,156,16,37,1.05,74
124,94,147,15,30,0.88,79
167,127,164,10,46,1.38,24
92,41,116,11,28,0.68,58
81,36,112,16,49,0.68,47
90,46,130,16,41,0.75,50
56,29,64,13,20,0.62,72
61,29,74,14,36,0.57,51
48,18,51,18,30,0.55,66
82,44,113,29,62,0.84,33
67,32,84,21,36,0.68,70
76,33,102,20,45,0.72,60
135,28,201,12,20,0.32,72
119,41,187,24,55,0.69,49
116,61,181,22,62,1.08,55
89,53,128,17,26,0.83,101
87,53,124,24,54,0.78,61
74,46,97,21,34,0.69,87
92,66,124,19,41,0.91,58
76,50,85,13,20,0.67,50
44,24,44,14,23,0.54,51
56,28,63,14,30,0.51,55
52,34,54,5,25,0.43,66
67,48,68,8,32,0.54,52
85,62,97,14,41,0.65,36
134,102,128,17,21,1.55,74
129,97,123,18,20,1.39,68
91,67,88,13,13,0.96,79
123,93,125,16,20,1.4,66
92,68,90,11,17,1.13,40
69,50,69,9,15,0.89,41
96,72,92,7,14,0.94,48
125,94,121,10,22,1.6,42
86,64,82,13,15,1.02,73
62,44,63,15,15,0.78,89
69,50,70,13,18,0.95,74
95,71,92,12,18,0.96,73
98,73,91,9,15,0.94,55
87,51,103,7,16,0.89,40
39,18,39,5,8,0.4,60
33,13,31,7,9,0.35,71
35,19,34,10,14,0.53,67
43,27,41,11,23,0.6,59
63,43,67,18,29,1.02,57
128,97,135,20,30,1.41,61
83,39,116,7,15,0.58,66
77,28,105,12,19,0.6,69
78,41,107,13,28,0.75,68
112,82,140,14,36,1.36,43
155,117,160,14,35,1.43,54
117,88,129,6,20,0.93,46
81,59,78,5,24,0.9,32
73,54,68,5,21,1.09,23
113,85,116,5,30,1.06,25
74,49,97,16,48,0.88,16
118,89,160,24,65,1.63,10
181,138,224,32,83,1.93,9
246,196,307,35,94,3.02,6
218,172,211,18,64,2.49,23
151,115,130,11,45,1.97,12
90,66,80,9,47,2.02,7
124,93,118,7,41,1.51,14
140,106,140,8,45,1.33,19
127,96,139,11,57,1.23,12
219,172,228,11,59,2.1,17
161,122,169,9,52,1.42,15
212,163,230,9,55,1.91,9
266,216,286,13,61,2.36,25
156,119,158,14,37,1.15,50
158,120,142,5,35,1.1,36
195,150,192,8,46,1.68,18
174,133,185,11,48,2.03,24
66,33,79,12,23,0.88,70
67,39,84,17,35,1.04,49
116,86,144,16,56,1.5,20
189,146,206,21,49,1.93,20
272,222,284,16,46,2.8,27
260,214,265,12,30,2.46,49
172,132,168,12,21,1.68,59
153,117,143,12,18,1.46,66
102,76,94,12,14,1.16,66
111,83,103,16,18,1.43,59
125,94,115,16,19,1.54,65
161,122,149,16,20,1.77,70
116,87,108,15,20,1.5,77
100,71,118,19,43,0.93,30
43,16,43,13,23,0.42,56
51,22,54,13,33,0.65,43
55,29,61,16,38,0.84,43
86,54,109,17,49,1.05,24
110,82,127,8,44,0.88,17
198,152,219,14,65,1.59,13
190,148,214,14,61,1.5,26
106,76,138,17,56,1.08,30
117,78,148,17,51,1.38,32
98,64,131,19,51,1.22,30
94,69,120,22,53,1.31,22
121,91,157,23,62,1.48,26
61,39,71,14,41,0.8,30
57,38,58,10,33,0.89,21
61,44,54,6,30,1.23,13
93,69,99,5,39,2.03,7
76,55,84,9,47,0.99,13
118,89,137,24,57,1.35,11
167,127,176,15,57,1.33,8
214,165,225,12,61,1.78,10
238,191,259,10,67,2.31,11
269,219,282,12,74,2.46,5
254,204,272,15,68,2.41,6
260,210,284,10,60,2.3,4
97,68,108,10,33,1.08,30
61,30,72,17,50,0.88,20
70,42,89,23,55,1.17,19
123,93,147,17,51,1.33,29
127,91,142,10,49,1.2,24
52,24,57,8,27,0.53,31
91,56,133,25,61,0.93,41
117,84,173,26,59,1.22,55
104,77,137,15,51,1.16,37
104,78,120,9,39,1.03,27
153,117,181,13,50,1.39,52
131,99,161,15,47,1.03,71
169,128,192,10,53,1.23,37
193,146,211,9,50,1.36,43
186,140,204,10,51,1.43,46
82,29,116,7,22,0.49,58
81,32,111,15,41,0.7,45
90,47,130,21,46,0.85,51
53,16,59,7,20,0.35,57
64,26,77,14,55,0.59,22
100,60,149,26,68,1.2,20
146,111,208,25,77,1.44,20
136,93,158,7,37,0.78,33
75,23,100,7,28,0.33,48
98,50,146,21,61,0.98,16
109,65,167,22,68,1.07,13
100,69,150,18,58,0.85,34
116,87,162,17,46,0.99,42
192,149,238,20,71,1.38,27
123,88,145,11,45,0.99,33
46,18,48,8,26,0.35,37
61,32,72,14,46,0.59,22
77,51,104,20,48,0.99,33
69,42,87,13,38,0.71,39
76,53,97,14,44,0.64,40
92,68,113,13,44,0.91,31
71,35,80,8,18,0.44,137
73,34,87,8,23,0.44,127
68,39,81,10,35,0.67,99
55,39,48,6,20,0.7,45
25,14,23,6,17,0.42,48
36,21,33,6,23,0.44,52
54,36,60,9,35,0.85,35
57,33,66,12,35,0.83,51
40,23,41,8,30,0.55,59
43,25,42,7,30,0.73,28
92,67,101,10,38,1.08,36
77,56,93,9,36,1.01,51
69,49,83,8,30,0.81,68
47,29,46,7,25,0.56,40
50,25,51,14,41,0.56,29
81,59,83,7,38,0.75,25
116,87,133,11,51,1.18,14
108,81,122,11,41,1.21,49
83,60,98,14,47,0.93,62
74,49,93,13,51,1.03,41
115,76,170,17,52,1.13,62
107,72,160,19,77,1.26,15
111,83,135,13,51,1.1,47
90,62,100,9,37,0.71,37
59,26,68,17,40,0.56,28
67,34,83,21,49,0.6,25
69,37,88,17,53,0.77,39
178,49,255,8,32,0.37,55
121,44,192,16,51,0.68,40
104,45,159,19,50,0.87,49
76,36,103,19,49,0.85,54
64,23,56,13,24,0.53,121
61,35,70,12,27,0.7,95
67,39,71,9,40,0.73,88
73,40,78,9,31,0.79,115
72,39,76,9,33,0.75,117
73,33,66,14,27,0.68,128
75,35,71,9,31,0.68,125
92,45,94,14,33,0.89,155
78,43,85,12,19,0.74,146
91,67,108,11,23,1.22,120
32,20,31,6,14,0.65,44
26,16,23,5,21,0.95,25
49,33,50,6,25,1.13,27
52,30,56,6,33,0.73,13
26,16,24,5,23,0.5,40
51,33,55,5,23,0.73,50
59,38,65,6,34,0.77,32
60,36,70,9,28,0.79,64
70,33,89,14,40,0.74,44
61,37,73,10,31,0.82,64
69,44,82,13,44,1.22,59
76,36,81,13,38,1.05,109
88,54,109,15,38,1.3,117
68,41,82,18,48,1.05,81
77,41,84,14,44,0.95,110
73,38,82,10,40,0.73,113
77,41,98,12,39,0.67,110
82,45,99,10,35,0.61,113
76,35,82,10,24,0.57,149
82,37,90,9,21,0.56,159
57,36,62,5,21,0.59,82
58,36,59,4,19,0.64,84
66,40,62,6,16,0.7,109
68,42,68,5,19,0.59,108
64,37,58,4,15,0.67,107
63,36,58,5,16,0.65,103
79,57,79,7,23,1.03,77
85,56,83,9,25,0.99,83
60,34,57,13,23,0.66,116
71,43,74,18,26,0.95,120
69,50,73,15,28,1.35,74
82,52,82,9,31,1.35,101
54,34,57,8,30,0.9,60
49,28,48,10,31,0.68,79
93,31,62,8,23,0.45,153
89,33,64,9,25,0.5,145
104,37,89,9,22,0.62,167
78,36,68,7,26,0.57,127
71,30,53,9,23,0.49,123
67,28,52,7,18,0.47,119
63,27,50,7,18,0.43,113
60,42,66,6,22,0.66,107
86,42,68,7,25,0.87,145
75,38,67,7,29,0.73,139
63,27,45,6,24,0.58,122
69,34,60,6,18,0.62,141
68,49,64,4,17,0.7,114
60,41,60,5,22,0.57,102
86,55,81,4,22,0.79,139
82,55,86,4,22,0.88,129
90,62,90,4,16,1.1,125
56,31,60,4,18,0.52,106
49,24,47,5,16,0.45,102
79,37,78,7,34,0.73,125
62,32,67,8,33,0.66,92
66,32,64,8,23,0.61,112
80,36,76,10,26,0.53,131
79,36,92,11,26,0.5,125
88,39,96,13,25,0.55,135
90,36,96,11,27,0.63,139
87,48,106,12,21,0.96,132
65,40,67,6,19,0.84,109
86,46,83,8,21,0.79,132
79,31,66,9,21,0.67,135
85,34,83,12,27,0.68,137
75,28,66,9,21,0.49,129
74,33,74,9,23,0.63,125
109,37,111,8,34,0.52,215
85,32,88,13,33,0.66,143
84,40,96,14,25,0.91,148
95,39,91,9,39,0.7,155
70,30,70,9,26,0.59,126
39,21,34,5,19,0.48,94
86,39,70,10,31,0.6,134
90,40,71,8,20,0.52,151
89,37,67,8,20,0.51,142
61,34,56,6,20,0.64,97
61,30,59,7,22,0.57,96
72,31,60,9,22,0.5,124
83,37,110,9,32,0.62,92
74,36,85,11,27,0.58,114
83,39,92,11,28,0.61,126
72,41,78,8,23,0.64,121
95,58,134,12,26,0.82,108
70,32,86,9,20,0.55,111
76,40,97,13,36,0.61,99
69,41,81,12,28,0.61,102
72,43,79,13,28,0.66,110
76,39,83,14,31,0.62,115
75,36,85,16,35,0.65,105
100,47,147,13,31,0.62,101
99,43,147,10,25,0.44,97
115,55,178,14,33,0.61,103
103,51,146,13,28,0.73,124
94,56,127,12,33,0.87,115
94,51,108,9,25,0.81,126
68,44,81,7,20,0.65,88
79,38,105,7,20,0.49,104
66,29,73,8,21,0.42,106
72,31,69,14,28,0.66,118
78,33,73,12,32,0.54,123
86,35,76,13,30,0.55,135
94,40,105,13,30,0.57,135
94,44,91,12,23,0.66,145
83,44,107,7,19,0.58,123
71,31,81,8,16,0.38,114
63,29,56,8,22,0.39,112
73,34,63,9,22,0.49,119
74,34,64,10,21,0.55,129
81,42,83,10,22,0.62,132
74,45,96,12,25,0.76,103
87,59,116,14,25,0.82,115
103,77,136,18,32,1.03,119
102,73,131,14,39,0.94,117
87,58,113,16,32,0.94,126
111,60,169,18,31,1.04,103
114,58,176,16,33,1.05,107
103,66,153,13,25,1.13,106
60,41,66,6,17,0.83,84
73,53,83,6,22,0.75,84
105,77,120,11,32,0.93,86
98,72,111,11,27,0.9,99
84,60,90,9,26,0.89,81
60,28,58,6,18,0.53,105
71,39,89,10,33,0.66,90
64,35,75,8,20,0.68,100
85,45,112,14,29,0.84,113
106,51,160,15,29,0.9,105
71,36,89,12,23,0.85,87
79,47,101,11,30,0.82,97
90,66,97,8,26,1.25,74
77,56,79,6,21,1.09,74
69,47,77,7,22,0.98,87
85,57,98,8,21,0.98,105
62,42,68,6,18,0.73,77
70,50,81,6,19,0.63,89
70,50,80,8,21,0.61,92
87,64,95,8,25,0.74,87
111,82,118,8,28,0.97,97
124,77,170,12,32,0.89,92
94,70,110,8,24,0.89,83
96,71,105,6,29,0.83,85
115,86,119,7,28,1.06,69
117,88,134,10,34,1.29,75
128,96,142,11,30,1.18,88
109,75,124,8,24,1.01,91
63,31,74,7,17,0.59,92
65,40,77,8,26,0.62,91
82,58,105,12,36,0.83,88
99,71,126,12,34,0.9,93
65,32,78,9,18,0.57,96
67,32,82,11,23,0.52,84
69,40,86,12,34,0.71,72
67,37,81,14,28,0.66,84
57,27,61,11,22,0.58,93
61,33,70,14,33,0.69,85
77,51,99,13,29,0.79,99
81,56,107,15,39,0.77,91
75,49,98,11,36,0.82,94
82,55,104,13,19,0.76,108
74,31,96,8,14,0.51,94
72,36,91,10,29,0.67,77
71,35,89,15,24,0.65,84
75,41,98,13,32,0.71,89
73,39,95,14,32,0.72,96
82,44,111,20,41,0.92,91
89,49,125,16,38,0.88,91
93,48,133,11,31,0.79,84
81,45,110,12,27,0.71,86
77,41,101,9,19,0.6,92
72,39,93,11,21,0.72,99
63,37,71,10,18,0.69,86
115,86,126,8,26,1.28,70
101,61,126,11,22,1,79
78,47,97,15,19,0.75,89
201,158,231,32,26,1.3,90
220,170,250,14,27,1.65,71
92,65,113,7,16,0.87,76
70,47,86,8,16,0.78,75
77,55,95,10,20,0.89,72
78,56,89,7,17,0.79,81
108,80,115,8,23,1.13,78
136,101,140,8,26,1.18,70
144,108,151,9,29,1.33,60
98,73,96,6,24,1.13,63
125,94,134,6,26,1.59,59
126,95,145,8,24,1.34,82
140,106,155,8,26,1.39,83
87,64,98,8,29,0.96,76
122,92,134,10,32,1.39,61
148,111,156,10,31,1.5,74
216,167,228,7,38,1.69,62
217,166,224,11,37,1.63,78
197,150,205,12,41,1.6,93
145,110,166,14,51,1.51,77
172,130,192,16,37,1.59,106
212,163,234,22,46,1.9,81
149,113,164,13,34,1.23,96
127,96,146,10,38,1.04,88
116,87,136,20,49,1.38,54
143,108,163,19,51,1.44,62
146,111,162,16,47,1.24,69
202,155,213,7,40,1.4,53
179,139,199,14,54,1.76,53
111,83,131,12,48,1.4,55
147,111,171,19,60,1.62,50
150,112,176,20,56,1.76,53
69,45,84,10,36,0.79,58
124,93,136,10,43,1.35,55
195,149,200,9,49,1.75,54
205,158,220,12,54,2,56
199,152,209,9,58,2.62,52
214,164,238,13,63,2.32,51
134,85,176,9,38,1.17,63
83,48,114,15,37,0.93,61
70,45,88,20,37,0.95,64
97,70,127,20,49,1.27,56
143,108,160,13,49,1.47,56
151,113,171,19,44,1.62,58
63,34,74,17,27,0.76,74
59,34,66,15,28,0.74,78
80,56,104,19,44,1.17,69
108,81,139,17,44,1.15,78
114,85,142,19,47,1.29,61
73,52,92,11,34,0.82,70
93,68,123,20,45,1.18,56
140,106,173,25,56,1.78,54
168,127,193,27,53,1.82,61
196,149,210,13,44,1.62,54
75,48,97,8,19,0.76,73
171,129,260,11,45,1.75,57
139,105,156,8,40,2.2,54
115,81,161,8,38,1.94,55
123,60,194,11,31,0.95,61
82,47,107,6,25,0.85,64
90,65,113,7,30,0.95,57
64,38,77,7,26,0.57,63
70,47,87,12,32,0.79,57
79,55,103,12,40,0.78,53
105,78,137,13,41,1.02,58
132,98,155,15,43,1.2,58
94,67,118,15,37,1.04,59
82,56,109,18,41,1.11,59
87,62,110,14,40,0.98,62
126,95,151,20,49,1.17,56
73,43,93,21,28,0.75,77
65,36,79,17,32,0.65,77
72,46,91,25,46,0.97,65
113,84,147,31,61,1.77,55
151,113,178,28,62,1.82,61
191,144,219,25,65,1.99,58
69,47,85,11,29,0.74,61
83,60,110,17,41,1.02,55
77,55,97,16,36,0.91,65
82,60,101,16,38,0.86,63
100,74,129,17,35,1.02,104
85,62,108,13,32,0.83,112
75,53,92,12,30,0.77,106
99,73,121,13,42,0.92,89
79,57,85,6,26,0.83,62
58,39,60,5,26,0.77,65
62,43,69,8,30,0.9,53
64,44,71,7,32,0.82,66
75,53,90,12,40,0.96,70
108,80,124,12,38,1.2,66
105,79,117,8,41,1.39,59
120,90,139,10,40,1.67,65
137,103,155,7,44,1.82,63
131,99,148,11,42,1.17,74
152,115,168,13,42,1.38,66
75,54,83,6,24,0.89,63
70,50,75,7,28,0.9,55
63,43,73,17,31,0.87,67
68,45,83,16,37,0.94,75
86,60,111,16,49,1.05,59
79,52,94,15,35,0.94,73
64,37,77,20,37,0.81,69
91,63,119,17,49,1.11,65
160,121,189,19,61,1.65,64
147,110,173,20,57,1.72,67
136,89,185,19,42,1.29,72
148,86,244,18,40,1.18,62
201,129,338,18,47,1.47,67
158,103,263,17,50,1.47,63
152,97,252,13,44,1.34,62
50,23,46,8,22,0.54,93
60,31,67,12,34,0.73,83
68,39,81,13,40,0.86,93
76,44,91,13,43,0.81,110
81,50,101,13,45,0.87,115
96,70,129,18,40,1.08,116
95,63,134,15,39,1.08,97
101,71,145,16,47,1.2,99
67,38,79,12,30,0.76,86
70,37,88,13,34,0.69,77
71,42,90,12,26,0.68,97
75,48,98,13,33,0.75,98
76,49,99,13,31,0.74,112
79,55,105,12,36,0.82,99
80,58,102,8,36,0.8,89
105,78,124,9,34,0.95,84
91,66,103,11,34,1.06,86
68,47,85,11,27,0.77,92
68,45,82,13,30,0.85,92
74,51,94,15,35,0.93,91
83,59,104,11,43,0.99,67
90,64,105,9,29,1,82
71,38,90,10,31,0.76,86
77,46,100,13,37,0.89,93
81,51,106,14,34,0.99,93
68,30,76,9,18,0.54,99
56,26,61,15,28,0.66,78
59,29,66,10,27,0.62,80
63,33,68,11,24,0.64,98
76,51,99,17,39,0.96,78
91,66,118,17,37,0.92,95
72,48,76,9,21,0.9,117
75,34,76,7,20,0.56,124
75,32,70,14,26,0.73,120
62,34,70,13,28,0.75,90
65,34,68,7,20,0.58,105
52,23,50,7,20,0.49,95
71,33,78,12,32,0.7,108
74,35,80,12,27,0.71,117
79,39,87,12,29,0.7,116
75,37,77,10,24,0.58,118
77,41,88,10,29,0.69,123
75,44,89,10,26,0.65,106
61,38,70,6,24,0.54,86
71,51,83,7,30,0.77,82
60,40,64,6,26,0.71,67
63,42,72,9,26,0.89,77
73,52,81,7,25,1.17,78
55,35,58,6,30,1.39,78
73,51,83,5,28,1.53,59
65,41,76,9,25,0.99,88
58,28,62,15,30,0.64,88
58,30,65,13,32,0.73,85
63,33,68,12,22,0.7,105
60,35,60,6,18,0.66,108
62,42,70,9,27,0.75,82
77,56,91,10,33,0.81,95
64,37,75,9,27,0.73,81
69,36,85,12,33,0.74,86
59,30,66,9,25,0.63,87
70,40,65,5,15,0.65,113
84,51,80,7,16,0.75,129
97,57,93,6,17,0.86,137
98,57,93,6,18,0.95,144
71,43,66,6,14,0.7,111
78,46,69,5,12,0.7,120
86,43,69,7,15,0.67,135
86,43,69,7,15,0.66,135
87,47,70,7,13,0.94,138
87,50,74,7,14,0.88,132
95,49,73,6,14,0.75,145
88,47,76,5,15,0.67,132
78,35,59,6,12,0.6,125
66,35,53,5,13,0.71,109
76,41,64,8,16,0.86,120
58,29,48,6,16,0.75,100
83,34,56,11,16,0.87,141
68,29,57,10,19,0.86,107
47,23,38,7,14,0.81,84
69,28,50,7,16,0.81,116
99,39,68,10,18,0.84,158
81,33,65,12,20,0.82,124
86,37,64,9,21,0.77,134
109,42,74,8,16,0.73,172
101,51,89,9,19,0.89,160
108,51,94,10,20,0.94,172
77,44,73,10,17,0.93,134
117,61,94,8,23,1.05,158
95,69,112,10,21,0.95,125
103,67,99,5,19,0.77,125
81,57,82,6,21,0.74,103
99,57,86,7,20,0.73,115
134,79,118,9,22,1.09,181
102,58,93,8,18,0.76,131
64,43,67,7,14,0.52,92
60,42,59,5,13,0.69,83
50,34,47,5,15,0.91,67
77,56,81,4,17,0.91,84
86,63,101,5,20,0.9,80
52,35,51,4,14,0.65,62
43,29,41,4,12,1.18,70
76,52,78,5,18,1.17,97
62,35,60,4,18,0.66,78
68,34,59,4,15,0.74,101
87,47,83,6,19,0.67,105
77,34,65,7,21,0.55,111
73,31,59,7,20,0.49,105
93,33,68,11,21,0.61,131
83,44,77,9,18,0.61,123
79,43,72,8,20,0.69,125
84,41,69,7,19,0.54,132
90,38,67,10,21,0.66,143
89,36,61,7,13,0.69,137
73,42,68,5,15,0.62,110
78,54,80,6,15,0.8,115
92,61,89,6,17,0.84,126
78,49,74,6,15,0.95,109
73,45,69,6,13,0.71,117
117,50,114,17,38,0.95,164
95,50,115,19,37,1,119
111,49,116,19,32,1.01,146
108,50,127,17,25,1.05,151
93,32,97,16,35,0.8,121
97,33,89,16,30,0.77,136
114,45,128,18,28,1.02,155
103,49,117,13,20,1.24,144
50,33,44,4,14,1.18,69
96,63,91,10,21,1.46,108
93,35,58,9,24,0.96,138
95,28,58,10,21,0.77,150
95,36,76,12,23,0.78,145
114,57,98,9,22,0.8,159
128,52,99,11,23,0.76,187
105,46,99,11,19,0.76,159
95,57,104,10,17,0.75,144
83,59,93,6,19,0.76,104
102,65,94,5,19,0.74,96
96,46,77,6,22,0.61,137
107,57,96,9,29,0.7,139
95,34,62,7,23,0.49,149
115,49,82,9,20,0.61,173
103,50,84,8,19,0.63,144
65,39,65,7,18,0.7,86
57,39,53,5,16,1.02,74
92,45,74,8,20,1.16,107
97,41,71,9,20,1.03,137
104,26,58,9,23,0.74,155
90,48,85,11,21,0.93,133
109,81,126,11,22,1.49,104
91,66,114,9,23,1.19,90
74,41,86,15,27,1.01,106
81,42,97,16,34,1.09,104
86,61,95,16,29,1.23,79
121,85,150,13,36,1.37,53
73,32,85,9,24,0.95,105
96,44,110,15,29,1.15,128
112,50,115,14,31,1.16,151
88,41,88,11,23,0.89,135
92,67,95,7,21,1.16,100
102,65,103,11,31,1.26,92
88,44,103,17,36,1.11,111
97,47,116,14,32,1.15,114
67,39,66,8,16,0.99,103
57,32,49,5,15,0.82,92
115,86,130,9,24,1.46,73
82,59,97,10,23,1.2,80
69,47,66,6,19,0.89,100
50,31,46,3,15,0.98,93
68,48,64,3,20,0.84,64
91,48,124,7,23,0.64,73
84,38,113,15,35,0.68,91
95,55,138,18,42,1.06,68
79,51,94,8,25,1.08,87
181,100,272,10,26,1.04,73
86,39,118,15,23,0.72,103
94,45,131,22,34,0.91,100
103,48,150,22,43,1.11,100
86,33,90,16,34,0.93,119
103,35,91,17,33,0.99,152
149,96,221,24,53,1.44,92
120,61,187,24,46,1.02,103
192,61,282,18,33,1.17,70
73,38,91,10,27,0.85,47
111,83,118,7,32,1.23,10
107,39,160,9,12,0.58,84
72,29,92,23,33,0.81,72
71,35,90,26,43,1.01,74
104,65,155,35,46,1.42,88
180,87,275,26,50,1.18,53
175,74,273,24,36,1.12,76
84,48,115,7,14,0.87,95
53,29,39,5,19,0.86,81
271,74,342,10,30,0.91,55
158,58,255,15,40,1.18,63
118,53,185,17,39,0.98,86
126,57,200,19,40,1.16,90
135,77,218,21,42,1.24,105
112,70,167,18,33,1.3,113
100,54,129,20,31,1.14,123
69,48,65,9,24,1.24,57
50,33,46,8,23,1.34,57
68,47,70,10,24,1.23,74
103,77,106,8,34,1.2,43
91,67,107,16,44,1.27,25
74,50,82,12,38,1.03,65
99,67,123,20,37,1.38,119
95,58,103,15,36,1.11,112
79,44,90,20,38,1.04,100
113,81,166,26,39,1.59,111
118,80,152,12,28,0.96,75
98,69,122,17,39,0.91,59
183,138,193,12,39,1.42,42
136,102,137,9,30,1.5,37
89,63,114,7,30,1.23,38
90,52,124,12,28,0.93,57
123,93,128,6,30,1.08,49
123,92,146,10,35,1.15,55
153,115,184,15,47,1.18,67
220,172,255,21,53,1.68,76
267,216,310,17,47,1.82,78
200,153,227,19,47,1.41,106
135,102,161,25,47,1.21,98
106,77,133,27,38,1.21,96
158,83,224,10,28,1.06,66
55,23,57,7,16,0.51,91
71,46,81,15,39,0.76,54
106,79,105,4,36,1.14,34
191,146,202,12,56,1.79,27
83,56,95,13,32,0.9,82
77,52,98,18,50,0.96,50
119,89,155,29,51,1.33,60
115,85,156,22,45,1.21,90
91,65,108,16,30,0.92,108
92,64,106,14,38,0.87,116
115,86,152,27,43,1.22,108
115,77,158,27,50,1.12,93
110,65,166,31,43,1.06,92
183,82,288,19,35,1.13,82
88,47,124,22,38,0.86,84
137,102,200,29,47,1.33,116
77,42,102,35,46,1.46,42
62,27,74,29,22,0.96,64
63,34,74,31,37,1.36,43
65,41,78,37,40,1.65,42
69,44,83,37,36,1.46,52
80,55,103,31,47,1.57,42
95,62,128,37,46,1.56,49
99,58,144,26,45,1.41,49
128,82,196,44,46,1.6,60
145,56,211,20,24,1.06,65
82,23,112,14,15,0.74,77
52,19,53,16,17,0.84,76
65,42,76,33,31,1.42,77
97,59,139,29,32,1.67,70
87,60,101,25,21,1.23,74
221,175,239,63,29,2.29,99
230,179,237,35,27,2.18,86
229,178,220,15,29,2.39,51
201,155,204,16,30,2.14,74
192,151,200,15,28,2.29,64
153,116,143,11,24,2.33,62
59,34,65,17,27,1.12,73
67,44,78,21,32,1.28,73
92,57,131,19,26,1.27,66
96,66,127,20,38,1.22,62
160,121,208,35,51,1.86,82
233,184,263,24,51,1.96,62
248,197,251,17,48,1.78,56
153,110,215,40,66,2.36,35
181,137,234,35,70,2.46,24
68,46,79,17,33,1.28,40
70,50,73,8,26,1.12,38
146,109,141,13,32,1.76,43
147,110,141,11,36,1.74,48
194,148,181,20,41,2.25,33
53,26,54,16,11,0.77,81
45,18,43,16,12,0.77,84
45,19,42,13,17,0.75,78
59,34,66,17,35,1.2,44
95,68,118,23,53,1.84,28
164,125,192,29,79,2.88,16
196,149,213,33,79,2.61,25
256,205,285,44,82,3.16,24
337,288,378,37,97,3.84,17
317,266,363,34,85,3.79,27
383,333,463,37,116,4.5,15
141,107,179,37,63,2.29,40
138,104,174,44,78,2.69,26
305,254,359,33,93,3.86,12
189,144,234,15,58,2.36,7
117,88,122,13,36,1.53,28
106,79,125,16,35,1.46,44
88,64,99,20,32,1.36,49
79,57,93,26,39,1.44,46
113,84,119,12,32,1.35,48
208,161,199,8,42,2.26,24
62,31,72,29,30,1.26,50
66,42,80,37,46,1.68,30
67,32,83,33,31,1.2,52
131,98,161,29,60,2.06,25
182,139,219,39,79,2.42,30
232,185,273,43,88,3.27,25
253,203,285,37,86,2.98,25
56,29,59,21,38,1.16,45
64,36,76,29,47,1.53,41
95,69,124,34,61,1.8,28
61,30,71,24,41,0.88,35
70,32,88,25,36,0.92,52
54,23,58,23,23,0.61,69
63,38,77,26,39,0.91,48
66,41,81,21,37,1,32
86,62,110,25,44,1.33,28
151,114,144,9,50,1.67,9
238,188,241,9,53,2.41,6
85,58,88,15,28,1.07,52
40,19,39,24,25,0.88,57
52,29,55,29,29,0.94,56
57,32,63,35,34,1.08,44
54,30,60,24,39,0.9,47
70,47,84,29,54,1.58,38
111,82,135,37,76,2.36,26
161,121,185,50,78,2.73,29
70,26,88,14,19,0.54,79
79,42,105,28,39,0.93,54
115,85,162,38,61,1.79,36
153,116,194,35,70,2.1,32
255,205,298,33,81,2.63,26
296,245,341,21,83,3.02,16
155,94,200,19,44,1.51,46
76,34,100,22,39,1.31,43
96,71,104,15,46,1.96,18
79,54,96,13,31,1.28,48
94,69,121,14,38,1.25,50
69,43,87,16,36,0.79,54
98,71,132,17,49,0.99,47
155,116,194,22,62,1.59,50
104,75,124,24,41,1.38,65
163,122,204,26,47,1.37,79
190,144,229,27,53,1.49,65
74,37,92,14,27,0.76,51
60,28,68,14,40,0.65,32
93,62,133,32,58,1.28,10
68,41,81,16,35,0.98,46
84,52,116,18,50,0.98,36
89,62,124,24,49,1.26,29
107,73,143,35,63,1.41,22
153,113,200,27,67,2.03,17
65,34,78,12,30,0.77,40
92,64,120,18,54,1.22,7
91,67,110,24,49,1.37,24
88,61,117,28,46,1.4,38
61,23,71,17,23,0.67,68
54,22,57,19,26,0.72,62
76,31,101,21,39,0.87,43
87,52,121,40,54,1.27,37
97,68,137,28,53,1.36,39
135,99,184,35,69,1.53,25
173,131,215,54,66,2.05,45
93,58,126,23,49,1.24,24
89,62,120,31,57,1.62,19
100,75,101,9,37,1.38,22
96,71,108,14,30,1.67,62
35,20,33,5,19,0.82,45
54,36,54,9,26,0.78,35
67,47,71,11,32,0.91,40
86,63,102,11,42,1.12,24
77,54,79,6,42,1.62,9
53,37,48,5,36,1.67,6
37,25,33,4,24,0.99,15
78,57,76,5,35,1.4,8
63,44,61,11,31,1.14,33
76,53,93,13,43,1.36,25
102,76,117,13,39,1.16,38
127,96,146,13,46,1.48,25
77,55,89,7,40,1.53,22
89,65,96,9,36,1.52,30
59,41,61,7,26,0.78,67
87,64,100,12,36,1.24,49
113,85,124,13,37,1.47,74
112,83,130,21,53,1.72,38
172,132,188,10,44,1.9,37
84,59,95,10,34,1.06,46
92,68,116,13,38,1.18,57
125,94,148,9,44,1.55,48
112,83,124,14,38,1.54,47
103,76,123,14,51,1.54,50
103,76,131,18,41,1.51,70
68,38,79,11,30,0.85,41
80,51,108,22,51,1.17,29
114,84,150,27,64,1.7,9
62,40,69,7,26,0.84,55
52,28,48,4,20,0.89,82
62,34,73,9,36,1.21,69
96,70,116,8,41,1.44,39
86,62,90,7,38,1.54,22
65,42,69,8,31,1.11,67
85,45,93,17,36,1.13,96
73,41,92,13,48,0.95,55
50,32,49,8,25,0.53,73
82,59,94,10,34,0.9,44
98,71,124,13,36,1.31,85
111,73,134,15,31,1.06,131
92,56,112,12,27,1.1,112
89,54,102,15,22,0.96,117
83,43,85,17,24,0.93,114
97,67,126,12,39,1.13,112
112,82,138,22,37,1.31,111
127,86,142,24,35,1.31,129
94,65,131,27,46,1.53,76
91,44,101,20,35,1.1,120
118,71,149,22,30,1.19,137
72,46,85,17,33,1.33,92
111,61,139,17,43,1.3,113
79,43,101,11,30,0.86,80
85,61,100,10,39,1,38
99,73,100,6,30,1.37,37
75,53,90,10,34,1.21,32
88,64,113,12,35,1.17,68
123,93,162,15,47,1.24,73
96,70,114,9,38,1.14,48
98,71,118,14,19,1.28,108
67,44,79,12,25,1.09,55
109,69,118,13,22,1.42,115
106,60,112,13,21,1.06,140
95,48,91,10,21,0.83,129
107,47,105,14,29,1.04,137
86,56,110,14,32,1.33,96
70,27,61,15,24,0.91,110
77,32,73,15,26,1.1,116
100,42,95,17,34,1.4,129
114,50,116,14,27,1.16,149
68,39,78,9,17,0.86,86
79,51,86,10,22,0.94,105
101,70,115,11,25,1.25,121
91,64,114,10,26,1.22,112
113,72,123,10,21,1.18,131
106,70,126,13,24,1.46,130
84,59,96,10,19,1.21,109
82,60,82,6,20,1.24,91
99,69,107,9,26,1.37,104
98,63,107,8,25,1.23,124
97,63,105,10,21,0.95,115
72,30,77,13,25,1.06,135
103,45,90,20,34,1.44,136
72,48,77,12,33,1.38,74
62,39,70,13,35,1.18,50
85,59,116,26,39,1.46,72
122,92,150,20,49,1.69,24
64,46,64,11,35,1.2,42
47,32,44,4,24,0.81,45
92,67,102,8,32,1.15,43
102,46,88,14,23,0.98,147
118,62,108,15,24,1.07,169
125,56,109,14,28,1.03,171
115,38,89,13,23,0.98,164
84,46,85,16,23,1.19,131
53,34,52,7,21,1.12,53
81,39,73,11,26,1.15,90
95,33,78,19,35,1.06,127
100,57,115,17,36,1.33,113
103,45,103,15,23,1.04,146
96,25,66,15,23,0.64,145
89,38,82,15,22,0.8,116
90,46,93,8,18,0.98,117
77,38,85,7,18,0.85,100
69,37,65,6,14,0.79,115
77,43,74,7,15,1.05,113
81,58,89,11,17,1.17,97
57,32,56,6,14,0.86,82
74,40,78,9,22,1,89
74,40,78,6,21,0.85,91
76,41,82,7,22,0.92,101
73,49,76,8,22,1.25,85
107,79,125,7,22,1.27,100
120,90,146,6,23,1.98,105
110,79,116,13,20,1.39,128
100,71,116,12,24,1.26,130
86,62,90,8,27,1.51,66
49,25,44,9,22,0.87,75
54,35,55,10,26,1.23,61
89,64,101,8,30,1.39,81
110,75,125,14,24,1.53,127
125,64,135,23,38,1.33,167
126,56,131,24,44,1.1,168
90,46,128,21,34,1.09,85
71,39,85,17,39,1,84
56,35,47,6,17,0.76,91
74,53,79,9,20,1.07,86
114,74,124,20,33,1.5,106
66,38,80,17,36,1.1,75
80,43,95,22,38,1.11,95
78,38,70,14,24,0.97,116
102,51,129,24,45,1.33,128
118,70,136,19,33,1.23,147
96,64,101,11,21,1.11,143
137,95,136,17,31,1.24,137
129,81,130,26,32,1.15,165
112,58,109,20,38,1.08,145
120,50,93,13,32,0.91,182
124,61,115,17,38,1.13,170
139,67,129,21,36,1.27,190
119,55,99,22,25,1.39,179
97,60,120,17,25,1.16,125
64,39,63,10,17,0.97,104
122,92,142,13,25,1.59,82
130,97,141,14,23,1.77,106
96,44,73,13,20,1.2,146
103,38,73,14,20,0.98,163
116,54,102,13,28,1.06,167
115,47,90,13,24,0.87,168
95,39,84,13,25,0.87,142
104,43,88,12,23,0.9,144
124,73,196,38,32,1.46,120
130,85,179,35,43,1.48,113
63,41,66,16,30,0.86,48
141,72,218,20,30,1.19,64
242,103,373,16,23,0.84,83
84,41,116,20,27,0.77,91
129,82,205,36,44,1.17,94
84,47,116,23,31,0.75,68
81,52,106,25,35,0.95,88
84,45,115,34,41,0.96,76
84,46,117,33,44,1,69
97,47,141,22,43,1.11,79
104,47,157,28,26,1.15,112
96,45,140,20,29,1.06,92
58,28,66,12,27,0.75,73
66,34,76,18,29,0.93,82
82,45,103,27,38,0.99,108
94,50,106,29,35,0.92,117
97,46,102,21,33,0.9,120
85,47,98,19,33,0.93,107
100,52,101,16,27,1,132
106,70,133,21,28,1.15,140
65,42,62,11,19,0.9,109
77,45,81,19,35,1.03,98
83,36,84,25,35,0.98,118
112,51,118,26,45,1.12,149
106,49,101,31,46,1.02,136
108,44,99,39,45,0.93,145
115,57,139,26,34,1.09,153
141,84,205,26,35,1.48,149
127,81,141,17,31,1.53,172
116,80,124,25,35,1.54,58
81,54,107,47,41,1.61,80
98,68,136,36,41,1.32,86
83,61,80,21,22,1.13,68
133,101,140,15,23,1.49,40
187,142,202,22,31,1.91,76
165,124,173,23,28,1.56,85
117,87,116,17,29,1.69,50
50,23,50,16,29,1.01,57
68,47,70,15,37,1.4,24
95,61,118,25,39,1.72,46
100,68,144,31,43,1.49,65
88,57,117,29,38,1.35,67
95,56,136,31,41,1.46,65
118,87,172,36,40,2.12,82
65,44,74,22,31,1.49,46
105,49,158,28,33,1.21,57
97,38,142,24,26,1.1,75
98,43,144,29,32,1.17,65
94,37,135,27,28,1.15,62
70,25,89,16,16,0.87,81
67,35,80,22,34,1.06,75
83,47,113,39,39,1.21,89
109,70,164,32,44,1.49,80
95,50,137,28,40,1.31,59
72,39,93,28,42,1.23,53
80,49,105,26,43,1.35,81
85,49,117,34,39,1.33,89
79,46,104,37,47,1.1,81
95,60,138,51,39,1.57,116
62,28,71,24,23,0.88,77
62,30,73,28,39,1.15,62
79,53,104,43,52,1.46,56
140,104,178,47,61,1.78,56
176,134,211,38,55,2.04,63
76,46,100,30,41,1.26,65
69,39,87,27,32,1.12,61
67,41,82,36,40,1.25,60
66,38,79,40,44,1.33,62
115,84,151,41,59,1.33,65
180,137,214,41,63,1.77,74
127,77,159,24,37,1.43,64
64,33,75,19,33,1.12,64
81,56,105,29,45,1.44,51
81,57,103,29,40,1.11,77
101,75,105,33,39,1.14,64
108,81,116,33,40,1.25,82
139,105,156,36,45,1.41,84
125,93,145,38,41,1.24,79
107,80,109,27,30,1.18,61
147,111,165,28,41,1.62,68
167,127,172,24,33,1.4,71
86,63,99,23,30,1.24,55
100,63,129,26,30,1.32,49
58,25,61,17,19,1.02,86
48,24,41,23,22,1,85
81,51,108,38,46,1.39,66
102,76,122,35,29,1.59,86
143,108,155,32,39,1.45,72
225,175,245,35,56,1.87,23
186,141,182,21,39,1.74,39
166,127,171,29,40,2.16,42
124,93,132,33,35,2.09,68
235,184,245,37,43,2.41,56
319,268,348,42,59,3.03,38
406,360,480,43,65,4.16,41
199,159,214,42,45,2.32,55
101,75,119,42,47,1.72,32
196,149,180,21,55,2.3,10
100,73,100,39,36,1.93,46
62,40,70,46,31,1.65,56
78,54,98,47,44,1.71,47
102,75,120,47,48,2.15,53
168,128,197,62,62,2.65,55
219,170,248,62,58,2.61,76
178,134,201,41,53,2.07,74
229,169,286,50,58,2.43,75
85,54,112,21,33,1.16,64
131,96,186,57,66,1.81,41
213,155,284,58,67,2.26,65
99,47,136,19,28,0.99,73
79,50,82,19,38,1.21,41
125,94,128,27,40,1.88,40
100,74,111,38,41,1.76,59
93,68,110,43,47,1.73,56
83,60,97,48,47,1.43,61
89,65,108,41,50,1.49,53
85,61,107,36,51,1.51,61
91,63,123,30,48,1.43,66
328,275,389,49,95,4.14,17
258,208,334,26,83,4.79,14
260,214,302,37,86,4.67,16
231,182,285,18,74,4.37,9
230,179,222,23,93,6.69,10
224,174,217,22,70,4.45,9
172,133,181,17,61,3.73,9
275,224,338,30,73,4.45,11
237,186,301,25,67,4.52,11
287,237,345,30,79,4.15,8
188,149,220,41,65,3.06,22
68,40,83,34,34,1.29,56
101,69,131,43,47,1.69,41
109,82,137,46,53,1.72,32
95,70,121,43,53,1.65,32
184,143,227,47,72,2.28,13
337,286,375,50,89,3.19,11
357,306,404,51,89,3.37,10
177,130,204,34,43,1.65,51
69,39,85,37,34,1.12,51
95,66,122,54,48,1.56,39
144,108,180,54,60,1.97,38
213,166,242,59,63,2.5,38
296,245,329,70,81,3.55,23
336,286,368,60,69,4.14,40
304,217,362,48,47,2.84,53
176,134,205,35,30,2.09,68
235,186,256,36,26,1.96,51
239,190,259,29,35,2.28,26
67,41,81,21,22,1.26,56
84,61,96,37,28,1.52,58
97,68,134,50,53,1.72,37
201,155,242,46,68,2.35,42
160,122,186,44,58,1.74,38
108,79,139,52,57,1.87,40
226,182,271,45,74,3.08,25
111,83,139,46,56,1.56,32
111,83,145,54,59,1.75,33
159,121,206,56,69,2.18,24
113,83,134,41,54,1.56,31
129,97,157,51,61,1.91,20
126,95,135,36,44,1.44,24
149,112,152,14,35,1.51,14
225,181,221,28,64,2.69,8
90,66,98,26,42,1.38,21
179,135,189,39,55,2.07,21
150,113,170,47,59,2.42,28
196,151,221,52,72,2.29,27
348,305,399,52,98,4.05,13
477,521,641,47,123,5.82,13
493,547,655,57,121,6.84,11
273,226,275,23,67,4.03,18
61,39,69,33,34,1.18,46
135,98,148,38,53,2.11,33
179,137,185,26,58,2.13,27
139,105,144,20,45,1.66,13
139,104,129,16,47,2.69,7
91,62,103,21,42,1.69,37
223,177,252,18,66,2.38,14
259,208,294,25,77,2.71,12
301,250,358,44,88,3.04,13
302,251,347,48,91,3.04,18
91,66,111,27,40,1.07,19
137,103,173,34,45,1.48,19
122,91,171,37,53,2.01,29
110,82,144,47,60,1.77,31
144,109,186,62,66,2.48,39
181,139,199,24,46,1.71,35
172,130,163,16,51,1.96,11
164,124,167,26,49,1.69,30
138,104,164,26,59,1.37,24
136,69,215,37,45,1.06,44
159,89,267,63,61,1.84,26
225,175,318,63,86,2.5,17
319,265,413,59,85,3.58,31
297,246,366,56,76,3.31,33
148,113,214,45,60,1.73,39
174,132,235,47,65,1.9,35
226,178,276,36,65,2.41,9
248,198,274,35,57,2.34,20
243,193,278,35,61,2.56,17
256,205,311,34,78,3.84,14
82,59,87,16,45,2.12,10
69,49,58,13,27,0.98,35
128,96,131,30,40,1.8,18
124,93,137,39,54,2.08,13
187,144,194,49,68,2.04,12
118,72,164,50,48,1.3,33
119,77,185,54,50,1.65,32
112,83,152,44,56,1.63,28
204,156,254,48,83,2.18,9
183,140,231,58,62,1.85,30
66,45,72,23,56,1.27,72
67,42,72,24,47,1.37,78
73,44,69,23,35,1.26,98
68,45,65,19,27,1.01,72
48,27,51,28,34,1.13,69
50,24,52,21,36,1.01,53
64,39,70,15,35,1.08,24
36,20,34,22,42,1.1,40
56,31,63,28,55,1.17,24
66,43,77,29,54,1.24,32
72,50,87,32,55,1.2,33
100,67,137,41,77,1.67,20
80,55,88,34,43,1.29,46
71,47,86,17,40,0.91,42
58,36,64,9,27,0.87,34
71,49,85,20,39,1.37,28
83,58,108,33,51,1.84,43
143,108,161,26,52,1.93,53
115,86,129,17,39,1.38,79
91,67,108,14,40,1.23,29
55,34,59,10,37,1.34,10
59,40,68,14,46,2.38,8
30,18,28,9,32,1.13,24
52,35,49,18,55,1.72,9
86,60,106,19,52,2.09,14
116,87,131,12,45,1.51,23
78,56,79,11,46,1.63,28
75,54,75,14,42,1.38,12
82,51,112,20,42,1.11,15
85,58,115,25,35,1.16,30
71,45,89,20,31,0.89,38
44,18,34,24,24,1.18,82
47,21,41,25,38,1.24,72
72,47,87,26,45,1.95,88
93,64,104,19,39,2.2,104
98,69,130,16,33,2.01,108
115,84,144,24,28,1.97,103
73,47,66,21,27,1.22,82
67,40,64,30,34,1.47,88
58,37,58,22,41,1.45,84
47,26,44,23,31,1.26,83
65,33,65,24,35,1.37,99
81,54,99,23,27,1.72,97
83,58,106,13,22,1.37,74
68,41,82,13,29,1.42,82
86,52,105,14,31,1.48,99
90,66,93,16,32,1.43,99
140,102,163,21,35,1.67,142
148,112,171,21,26,1.93,100
73,48,83,19,32,1.62,71
95,62,128,29,51,1.55,80
100,57,126,22,44,1.33,127
107,65,142,23,43,1.11,127
97,65,128,25,44,1.26,107
106,72,155,31,60,1.52,73
80,52,107,16,41,1.26,70
76,46,96,13,37,1.26,49
127,82,161,19,35,1.84,53
51,27,53,20,31,1.07,47
71,36,89,35,49,1.54,69
85,54,111,35,61,1.64,74
44,22,34,8,13,0.97,83
66,44,65,13,17,1.39,98
85,58,81,13,16,1.5,121
64,38,53,11,16,1.06,101
84,60,86,14,19,1.3,89
50,30,44,10,18,1.01,71
68,47,74,13,21,1.28,71
62,36,68,14,21,1.35,86
72,51,83,14,22,1.59,72
59,36,66,11,19,1.13,65
54,33,57,13,18,0.91,68
54,27,56,14,18,0.89,77
60,35,60,11,17,0.89,83
97,69,116,16,20,1.38,96
76,52,93,20,32,1.88,56
75,51,93,20,30,1.98,62
75,50,95,19,29,1.84,69
76,51,94,17,22,1.33,87
62,40,73,14,28,1.84,61
59,33,60,17,21,1.56,79
64,34,58,20,22,1.36,101
63,35,59,20,24,1.69,101
60,38,64,15,20,1.4,89
73,48,85,14,19,1.34,92
60,39,67,13,19,1.16,55
47,29,46,14,21,1.22,57
58,39,59,15,27,1.51,75
58,38,53,16,28,1.37,72
45,23,37,16,30,1.01,80
55,32,49,20,33,1.22,94
62,40,57,24,27,1.48,87
125,78,133,22,29,1.57,126
100,67,105,17,23,1.34,141
90,59,96,12,21,1.05,110
130,97,146,17,27,1.47,95
159,120,170,22,31,1.65,106
145,105,154,24,27,1.32,138
115,86,131,14,23,1.12,76
107,79,130,12,21,1.1,75
62,43,68,11,18,1.01,54
110,82,122,15,21,1.27,56
122,91,165,17,21,1.19,81
126,92,169,21,24,1.33,74
125,93,156,23,25,1.64,91
113,83,144,12,29,1.64,63
65,43,72,12,19,1.37,79
91,65,105,15,20,1.24,110
170,129,196,18,24,1.82,92
159,121,210,17,21,1.97,101
100,61,140,10,19,1.43,67
48,26,41,14,20,1.31,74
70,43,77,15,22,1.36,107
101,70,120,12,21,1.46,127
88,59,98,12,16,1.28,121
71,45,79,12,17,1.06,100
60,37,63,17,18,1.09,95
78,27,52,21,17,1.14,134
79,47,78,14,19,1.36,113
85,41,75,15,23,1.35,118
98,41,80,12,16,1.22,155
71,47,82,9,16,1.24,95
48,25,45,9,15,1.05,77
81,52,108,21,26,1.31,89
114,83,153,35,40,1.78,71
131,98,164,28,38,1.74,48
146,106,202,30,33,1.54,96
81,53,91,14,22,1.23,55
103,76,121,18,23,1.65,74
112,81,144,21,31,1.68,65
95,68,125,21,24,1.64,87
105,73,144,25,28,1.27,112
101,68,146,33,31,1.24,110
83,42,112,27,32,1.16,90
79,38,105,34,36,1.35,95
115,79,170,44,36,1.38,130
72,28,88,26,22,0.87,108
83,35,88,20,21,1.07,128
93,48,95,42,35,1.29,132
100,42,94,39,37,1.1,138
120,52,121,31,29,1.27,153
133,65,127,22,24,1.36,182
123,68,128,15,23,1.24,153
88,59,110,16,27,1.35,100
129,79,130,16,31,1.67,142
95,62,116,13,28,1.41,86
97,54,76,23,27,1.41,107
99,47,85,38,30,1.4,148
119,65,107,56,41,1.46,145
100,53,98,38,38,1.39,115
100,61,111,22,30,1.23,110
120,62,139,23,26,1.15,142
126,89,168,30,37,1.53,112
92,53,112,49,41,1.4,98
68,34,81,36,25,1.05,81
57,18,47,43,31,0.94,88
87,38,90,57,51,1.46,113
110,77,134,45,39,1.63,101
95,54,126,33,33,1.12,106
70,26,84,40,40,0.96,74
52,23,48,29,28,0.87,71
82,54,111,23,46,1.15,38
92,56,130,23,28,1.33,80
108,64,135,37,39,1.55,112
67,32,77,26,36,0.89,74
59,21,62,24,36,0.92,72
67,38,83,27,43,1.3,47
55,19,47,25,25,1.02,76
58,21,48,50,49,1.13,75
80,34,76,40,50,1.26,108
71,44,83,30,35,1.25,94
78,46,92,31,30,1.26,107
70,46,86,34,27,1.22,98
70,46,84,29,29,1.06,86
60,37,66,32,22,1.06,88
58,36,64,25,23,1.01,75
60,22,47,43,26,1.01,110
72,19,51,28,26,0.92,110
43,13,35,42,33,1.09,68
57,29,62,32,44,1.17,33
78,44,93,32,35,1.42,83
95,57,116,41,43,1.66,103
92,45,103,34,46,1.52,116
114,84,145,23,36,1.38,57
111,77,155,69,52,1.93,78
132,73,176,53,32,1.72,67
51,28,52,23,25,1.25,74
72,46,92,37,50,1.49,57
125,94,157,66,60,1.98,50
182,139,188,42,55,2.05,15
102,73,119,60,36,1.96,71
130,92,204,66,68,2.16,71
91,65,125,85,71,2.02,71
120,87,173,68,71,2.2,71
106,73,156,62,59,2.01,53
156,113,193,61,45,1.98,70
65,37,77,79,48,1.81,73
107,67,162,87,59,1.95,85
174,130,233,45,51,1.79,115
87,62,88,23,28,1.63,59
83,40,113,36,37,1.56,61
102,61,152,51,39,1.58,75
108,79,139,36,31,1.61,79
191,150,223,53,53,2.53,56
194,146,224,68,53,2.07,77
104,58,156,58,44,1.34,81
132,91,179,47,51,1.63,59
165,127,180,31,36,1.61,71
133,100,160,35,36,1.47,80
144,106,191,41,34,1.52,91
121,86,180,48,42,1.45,67
199,152,236,55,48,1.85,56
166,125,204,52,47,1.86,103
120,81,157,57,42,1.49,115
130,97,156,75,60,1.88,66
142,107,177,98,61,1.92,73
105,74,145,83,65,1.87,64
194,133,269,98,76,2.59,47
176,115,274,64,45,1.94,66
200,141,328,86,76,2.47,33
217,146,337,83,70,2.81,40
95,50,138,48,37,1.58,55
59,29,67,43,36,1.31,50
60,29,66,46,29,1.18,63
49,21,52,44,32,1.1,70
129,94,155,71,56,1.59,49
140,101,181,74,59,2.07,45
126,94,174,55,51,1.81,84
144,109,181,68,60,1.84,70
221,170,269,65,63,2.36,80
216,166,274,76,68,2.33,81
240,189,292,110,79,2.75,76
219,172,257,69,52,2.41,99
138,104,177,61,47,1.97,78
102,76,130,73,60,2.1,79
140,105,166,67,66,2.1,82
90,57,121,38,33,1.41,82
75,49,95,46,41,1.24,74
114,85,126,34,40,1.46,71
77,49,78,37,29,1.37,76
66,40,78,64,52,1.63,60
72,41,90,63,58,1.46,77
100,39,147,54,51,1.43,56
125,73,197,68,62,2.06,61
125,86,190,62,56,1.99,80
139,105,147,103,47,2.51,30
99,71,107,75,48,2.19,34
109,82,117,99,57,2.57,35
148,112,150,92,57,2.66,47
86,53,94,64,25,1.55,69
44,16,38,67,17,1.06,76
44,24,37,52,17,1.05,78
97,69,109,104,26,1.46,74
101,74,104,106,36,2.45,87
189,144,205,123,52,3.52,69
241,190,269,130,79,4.83,15
230,180,261,87,55,4.22,13
56,37,51,43,22,1.09,39
41,23,34,39,24,0.85,68
38,18,24,33,26,0.88,75
42,20,33,47,30,0.94,78
43,22,40,62,42,1.28,68
60,34,69,68,34,1.47,79
96,38,140,36,19,1.03,82
65,23,79,29,19,0.94,77
111,76,156,44,41,1.42,45
183,141,233,66,51,2.09,35
143,106,168,62,42,1.96,53
95,70,110,63,45,1.67,60
125,94,157,88,59,2.11,55
95,60,121,66,51,1.71,52
106,75,143,75,55,2.17,51
126,94,137,65,55,1.93,48
77,52,88,50,36,1.48,60
271,216,339,114,82,3.51,22
201,154,242,117,75,3.14,38
415,429,597,118,121,5.94,23
392,346,553,69,102,6.13,11
209,161,229,68,67,3.49,10
232,182,254,94,78,3.83,8
268,217,272,71,80,4,8
342,292,375,75,87,4.25,9
430,388,501,47,89,5.36,6
424,367,504,62,91,6.42,3
308,266,352,79,79,4.89,10
127,95,134,59,59,2.72,13
88,60,89,75,44,2.72,29
57,30,66,60,29,1.35,54
82,59,99,81,52,1.93,38
199,156,242,131,92,4.71,11
257,208,313,76,82,4.13,7
84,53,95,41,31,1.7,43
146,105,164,90,49,2.32,39
225,176,272,94,72,2.77,22
270,219,323,104,86,3.45,13
235,188,252,90,80,3.95,7
63,20,79,25,13,1.51,62
48,16,49,32,12,1.51,63
48,22,48,50,24,1.72,52
47,28,49,56,31,1.86,55
93,66,114,73,55,2.43,42
178,137,210,114,90,3.69,22
222,172,247,115,82,3.75,13
123,93,121,52,46,1.93,12
132,100,132,74,49,2.22,8
245,195,316,48,98,5.03,9
105,54,148,33,25,1.42,58
45,18,45,23,15,1,56
52,30,60,69,32,1.52,40
128,91,176,108,71,3.42,8
183,140,226,68,81,3.18,14
340,292,393,89,96,3.93,4
284,233,325,93,82,4.42,26
289,238,343,46,80,5.45,26
417,335,520,41,107,8.17,5
197,148,269,39,70,4.04,24
145,109,174,51,56,2.26,13
219,169,268,54,67,3.08,10
82,53,94,39,25,1.79,49
53,21,55,36,15,1.56,63
35,14,34,29,16,1.55,50
72,42,91,68,42,2.4,22
131,97,182,94,69,2.99,13
220,170,289,147,92,4.73,6
288,230,369,117,96,4.24,14
255,204,324,88,87,3.78,28
371,297,464,81,107,4.28,4
404,319,599,51,113,6.85,3
346,204,449,75,83,5.53,21
69,43,83,69,49,2.26,38
118,89,155,98,69,2.4,29
141,103,198,33,53,2.28,12
175,134,238,64,67,2.91,12
191,145,265,107,79,3.15,29
145,109,184,89,61,2.59,38
212,162,277,87,75,2.96,27
62,42,66,42,39,0.62,47
79,56,95,50,61,1.04,43
116,87,139,54,57,1.14,72
136,102,150,68,74,1.72,58
183,142,184,60,61,1.95,53
40,27,31,9,25,0.99,25
63,44,67,20,41,1.31,12
79,35,103,29,40,1.64,7
99,70,129,33,48,2.07,5
69,41,84,17,40,1.87,13
82,44,112,33,53,2.28,10
111,80,142,57,65,2.83,12
197,154,235,50,71,3.15,24
203,158,250,59,77,3.45,14
96,69,122,53,70,3.89,8
73,51,83,29,61,3.92,9
58,35,66,28,49,2.37,10
47,29,50,18,43,2.15,18
65,40,78,18,41,1.6,16
81,53,95,26,53,2.53,6
49,31,48,22,49,2.87,6
32,18,30,14,45,2.33,9
44,28,43,16,41,1.74,15
52,36,48,15,21,1.26,58
90,67,99,39,41,1.94,25
151,114,149,50,47,2.46,45
163,123,184,58,62,2.51,33
198,154,248,64,83,4.15,7
165,124,240,73,83,4.08,7
228,177,311,83,100,4.22,10
83,22,115,18,13,0.75,53
83,34,115,54,43,1.22,34
98,51,143,49,57,1.53,43
100,62,148,45,58,1.63,46
69,41,85,42,38,1.29,63
99,66,142,27,44,1.49,43
66,39,81,11,33,1.3,53
79,47,110,19,39,1.31,21
35,12,33,37,38,1.03,35
60,21,69,48,50,1.15,34
48,20,52,47,41,1.2,45
57,31,64,51,51,1.2,47
67,44,83,55,64,1.58,72
71,47,85,56,59,1.49,72
62,33,72,39,48,1.2,62
80,54,95,44,66,1.63,88
111,82,142,61,71,1.89,102
158,119,205,61,76,2.78,59
94,64,129,27,52,1.97,39
107,70,134,51,58,2.21,85
126,93,178,46,64,2.89,58
77,49,98,35,55,2.16,7
74,46,95,43,63,2.21,10
87,63,111,71,68,2.79,32
43,25,45,14,29,1.43,38
35,15,34,19,27,1.11,30
33,15,31,41,39,1.15,35
55,32,59,62,61,1.76,19
82,55,103,62,66,1.58,28
64,38,66,47,61,1.27,32
87,63,97,57,66,1.12,13
52,33,55,11,22,1.16,45
26,12,18,11,21,1,39
24,12,19,10,21,0.9,37
34,16,33,9,16,0.87,36
50,21,52,12,20,1.1,34
42,19,42,11,22,1.23,34
40,17,37,19,27,1.3,49
55,33,58,28,28,1.25,51
63,42,73,23,32,1.26,34
86,63,100,16,31,1.81,31
65,37,76,11,34,1.59,13
42,15,39,17,29,1.16,46
47,18,47,48,55,1.33,33
57,29,61,39,45,1.3,56
50,21,44,30,35,1.16,79
61,32,51,21,42,1.26,90
64,39,61,28,51,1.41,82
60,41,65,36,48,1.44,51
67,47,79,33,55,2.13,37
61,27,42,25,33,1.08,98
63,35,57,28,42,1.37,87
72,51,87,35,49,1.53,28
53,31,55,30,32,1.33,51
62,41,70,65,46,1.65,56
63,33,65,46,41,1.62,71
67,40,75,47,33,1.63,88
82,54,99,28,43,1.71,95
96,70,114,34,34,1.76,72
80,56,87,19,26,1.37,65
90,61,123,24,33,1.24,55
78,45,104,5,27,1.71,34
88,50,123,5,24,1.55,49
54,26,59,8,21,1.2,44
43,13,42,16,27,1.36,31
41,16,40,16,23,1.21,37
65,31,75,33,30,1.38,60
63,38,71,17,23,1.3,72
68,43,78,19,26,1.66,88
69,44,82,19,24,1.61,78
57,29,62,23,25,1.53,63
73,46,83,18,25,1.69,91
85,61,109,20,40,1.79,70
68,38,84,31,28,1.27,72
77,50,101,24,33,1.49,56
75,41,85,29,28,1.7,90
92,58,107,25,26,1.58,101
77,53,96,22,38,1.57,87
95,56,137,27,47,1.69,49
54,29,56,21,31,1.14,59
82,52,106,34,40,1.56,63
99,63,123,37,36,2,112
104,59,110,33,36,1.86,125
75,31,60,30,34,1.41,103
58,35,60,21,35,1.64,53
61,37,66,26,36,1.72,65
80,54,89,26,33,1.45,93
73,47,74,28,40,1.25,80
75,54,83,27,37,1.44,61
72,51,85,20,28,1.29,58
66,45,75,18,20,1.1,64
40,23,40,12,17,0.9,54
87,52,122,23,37,1.59,44
84,47,111,28,39,1.49,60
83,39,101,27,39,1.2,102
91,52,113,20,40,1.19,102
99,63,125,30,39,1.21,105
94,62,130,27,34,1.25,95
104,76,137,28,34,1.27,98
160,121,205,23,31,1.76,116
118,81,136,14,25,1.22,102
89,54,110,17,29,1.1,107
88,63,113,14,23,1.12,54
111,82,140,18,30,1.53,80
92,64,123,28,37,1.33,68
107,71,160,37,46,1.67,73
83,61,93,5,25,1.19,41
92,68,109,11,26,1.48,63
131,99,165,15,29,1.83,58
137,103,171,6,27,1.59,58
95,70,122,4,28,1.12,32
94,69,126,7,33,1.35,41
115,86,140,5,21,1.08,75
118,87,157,10,33,1.41,43
134,101,153,17,29,1.64,69
118,87,147,14,24,1.59,92
80,54,91,22,24,1.52,92
100,74,122,8,31,1.55,72
73,51,75,9,24,1.37,47
65,42,75,6,24,1.38,42
64,36,77,9,24,1.37,41
67,36,82,9,28,1.53,30
69,34,87,8,26,1.39,35
128,96,162,55,50,1.65,90
133,88,165,41,41,1.52,72
86,48,117,39,46,1.43,88
100,71,129,47,36,1.31,74
96,39,141,34,37,1.17,71
95,36,128,56,39,0.99,82
126,58,176,44,37,1.55,136
98,45,127,42,34,1.37,101
108,61,145,43,39,1.29,125
156,97,247,47,29,1.44,114
84,30,114,16,15,0.7,91
93,38,131,71,44,1.2,94
97,35,92,49,27,1.16,133
130,59,119,46,27,1.48,172
124,88,154,40,40,1.64,116
146,110,150,35,33,1.43,106
180,131,175,29,34,1.56,132
164,99,166,44,41,1.69,158
141,100,165,67,44,1.78,148
87,52,90,33,23,1.12,104
86,61,105,40,40,1.31,80
130,98,146,33,31,1.41,89
93,68,101,32,31,1.28,60
51,32,51,8,20,1.03,50
73,51,81,12,26,1.49,38
123,93,141,17,34,2.08,35
69,47,73,9,21,1.15,48
78,54,95,10,27,1.23,43
72,49,88,9,28,1.12,28
79,55,90,13,27,1.38,38
181,138,199,28,38,1.14,59
126,94,108,11,20,0.97,64
215,167,233,33,36,1.65,50
153,116,186,38,35,1.18,77
160,121,183,43,35,0.94,96
171,129,196,33,34,1.19,79
141,106,153,34,31,1.34,72
84,57,107,29,30,0.9,77
116,85,147,22,33,1.03,48
94,69,111,24,39,1.36,27
56,22,59,24,15,0.71,80
63,30,70,44,34,0.71,75
88,48,121,77,41,0.97,88
111,61,169,62,39,1.05,55
105,55,139,60,33,1.16,98
117,87,170,42,31,1.09,121
130,96,190,52,41,1.28,80
102,62,127,51,32,1.13,94
113,72,164,60,41,1.3,110
82,39,104,49,30,1.07,89
72,38,92,39,38,1.05,69
81,54,85,45,28,1.11,105
153,109,172,54,46,1.69,119
146,99,158,38,33,1.63,145
126,76,143,53,39,1.3,150
125,93,161,43,42,1.41,113
142,100,146,38,34,1.24,112
149,113,176,25,31,1.36,76
135,102,134,26,41,1.95,40
93,60,98,40,37,1.59,83
106,68,118,45,40,1.41,117
85,54,106,20,32,1.18,54
125,93,123,29,36,1.31,38
190,144,184,48,52,1.54,48
221,171,195,41,47,1.44,58
235,188,244,58,60,2.06,18
116,84,142,45,45,1.16,39
102,76,112,48,45,0.91,45
125,94,144,48,49,1.11,53
163,124,190,56,53,1.22,52
195,150,248,47,46,1.27,73
188,143,231,58,49,1.28,60
85,42,117,27,27,0.58,82
80,53,106,34,43,0.76,58
96,69,128,73,53,1.1,82
102,73,140,73,57,1.03,81
180,69,280,45,38,0.77,65
158,86,252,51,44,1.15,67
192,144,282,58,62,1.55,25
150,113,138,17,26,1.34,54
133,101,147,36,29,1.17,64
117,87,138,48,40,1.09,54
104,71,130,45,40,1.11,66
102,70,148,41,45,1.1,76
151,112,206,52,56,1.42,91
167,126,194,40,42,1.21,118
149,112,185,40,46,1.18,92
115,86,119,30,31,0.84,102
149,111,191,53,44,1.2,92
148,110,164,48,31,1.07,112
165,123,212,46,44,1.18,120
72,44,89,56,32,1.41,72
101,75,125,92,50,1.7,57
93,36,124,25,19,0.98,84
68,38,84,46,29,0.83,70
103,76,121,42,34,0.63,63
165,125,174,70,44,1.09,61
199,151,219,86,64,1.57,49
210,161,238,88,68,1.44,34
166,126,196,50,46,1.31,47
91,57,122,63,46,0.79,57
120,90,150,93,48,1.23,66
112,84,155,84,53,1,97
194,147,246,104,76,1.94,66
155,118,205,92,76,1.48,69
255,204,338,122,102,2.79,35
322,270,400,68,70,2.08,53
210,162,238,39,42,1.41,44
163,123,178,38,44,1.49,43
244,193,275,64,70,2.35,20
216,166,223,71,63,1.8,44
134,99,172,58,49,0.96,72
226,119,314,76,60,1.59,63
131,66,209,54,57,1.15,37
135,97,207,62,69,1.28,52
118,89,147,49,58,1.04,44
102,75,107,32,41,0.88,88
145,109,152,50,55,1.27,62
140,99,183,58,52,1.26,70
152,104,251,71,52,1.31,94
191,145,239,58,47,1.48,85
178,131,221,38,43,1.59,30
120,90,142,72,63,2.13,32
163,123,180,61,58,2.36,29
234,183,260,97,69,2.63,28
146,111,163,93,55,1.51,53
152,114,187,106,75,1.81,30
114,85,140,113,65,1.8,38
103,73,132,99,54,1.52,46
81,51,108,47,45,1.15,51
97,56,138,65,60,1.6,45
98,63,131,95,56,1.51,70
117,74,153,73,37,1.19,82
146,110,200,100,68,1.89,49
177,133,214,101,66,2.13,55
236,187,296,128,93,3.23,38
348,297,416,127,86,3.79,41
180,130,232,58,44,1.98,61
231,186,280,77,49,2.58,88
155,120,179,71,38,1.88,78
175,135,182,96,34,1.52,70
135,102,123,43,30,1.44,57
161,122,166,43,29,1.77,57
108,63,164,34,22,1.28,74
140,101,202,61,43,1.8,41
236,185,280,46,50,2.32,28
231,181,286,77,50,2.44,64
172,130,207,61,40,1.99,87
103,76,116,57,30,1.41,69
99,73,98,51,29,1.55,57
76,47,95,100,47,1.41,36
118,87,158,132,74,2.18,23
199,151,249,163,88,2.75,19
278,227,364,196,114,3.67,24
360,321,472,179,97,5.26,17
137,102,183,84,54,1.93,25
118,84,172,144,72,2.14,17
108,75,140,97,62,2.44,31
79,53,99,115,50,2.32,37
103,75,125,100,58,2.96,29
113,82,150,84,54,2.8,36
136,102,167,85,55,2.76,14
160,120,188,56,39,2.21,31
215,168,246,55,47,2.22,23
270,218,326,56,54,2.86,22
163,123,199,96,33,2.57,45
137,104,177,85,41,2.39,39
101,55,132,61,21,1.55,65
95,58,136,94,58,2.07,43
171,129,239,126,78,2.82,30
117,85,154,102,54,2.72,43
100,70,140,84,56,2.23,40
178,135,232,130,74,2.79,31
247,197,291,126,82,3.63,17
332,281,357,55,68,3.91,13
401,316,506,55,71,3.84,13
118,88,126,38,42,2.37,33
94,70,99,51,50,2.08,25
216,168,221,60,54,2.42,17
